customer_id,actual,spark_pred,spark_proba,py_pred,py_proba,match,proba_diff,spark_correct,py_correct
CUST003535,0,0,0.11936843301454902,0,0.4826078167225186,1,0.3632,1,1
CUST002200,0,1,0.5458732320244498,1,0.9460806007364658,1,0.4002,0,0
CUST000178,0,0,0.03450555333573535,0,0.102216151462189,1,0.0677,1,1
CUST001833,1,0,0.26391341796839163,1,0.7696543279647728,0,0.5057,0,1
CUST000746,0,0,0.18441763439119618,1,0.6031557863894101,0,0.4187,1,0
CUST000628,0,0,0.3726579751788337,1,0.8351969539442057,0,0.4625,1,0
CUST001248,1,1,0.5902743290188854,1,0.9357748253683638,1,0.3455,1,1
CUST000548,0,0,0.03582369320059531,0,0.12237962682915897,1,0.0866,1,1
CUST000603,0,0,0.43455780917874154,1,0.8907472401152081,0,0.4562,1,0
CUST003305,0,0,0.061528499847201656,0,0.2240375395391532,1,0.1625,1,1
CUST002805,0,0,0.17467161841769618,1,0.6131865215168406,0,0.4385,1,0
CUST002379,0,0,0.2747447939035531,1,0.7054451521972929,0,0.4307,1,0
CUST003807,0,0,0.035091852984087346,0,0.13904062730177513,1,0.1039,1,1
CUST002648,1,0,0.1724049507727452,1,0.579983282946425,0,0.4076,0,1
CUST003185,1,0,0.11833274347047862,0,0.3858138010420843,1,0.2675,0,0
CUST002818,0,0,0.3484271508215848,1,0.7789841544156659,0,0.4306,1,0
CUST003994,0,0,0.034426821854711354,0,0.11550078496222002,1,0.0811,1,1
CUST002381,0,0,0.28151884320955234,1,0.7786931023035061,0,0.4972,1,0
CUST003362,0,0,0.07416102807407776,0,0.23742443092557816,1,0.1633,1,1
CUST000909,0,0,0.03508824492788498,0,0.12809460591750915,1,0.093,1,1
CUST000659,0,0,0.036289651286640745,0,0.13992039476454868,1,0.1036,1,1
CUST003813,0,0,0.2819801877136131,1,0.7308499718814835,0,0.4489,1,0
CUST002406,0,0,0.06263774567437896,0,0.2628208270768215,1,0.2002,1,1
CUST001306,0,0,0.11798166671805432,0,0.42906462896822445,1,0.3111,1,1
CUST003586,0,0,0.34059204318566627,1,0.8387720469895105,0,0.4982,1,0
CUST000537,0,0,0.06248064039060541,0,0.26358568896344103,1,0.2011,1,1
CUST001419,1,0,0.07165436220703958,0,0.274139353284559,1,0.2025,0,0
CUST000313,1,0,0.26530768004209115,1,0.668133000457847,0,0.4028,0,1
CUST002285,0,0,0.1228972490332998,0,0.46744131157064056,1,0.3445,1,1
CUST003281,1,1,0.6772814765217023,1,0.9379876490406627,1,0.2607,1,1
CUST002592,1,1,0.6383009433149731,1,0.952656836564999,1,0.3144,1,1
CUST002325,1,0,0.19525743390019834,1,0.6469435778851391,0,0.4517,0,1
CUST002938,0,1,0.584597242564419,1,0.9318017344884616,1,0.3472,0,0
CUST002933,1,0,0.30465610215917394,1,0.7828855124369608,0,0.4782,0,1
CUST001245,0,0,0.12496718642966065,0,0.43951059921790664,1,0.3145,1,1
CUST001417,0,0,0.0653242317910726,0,0.29486173439109464,1,0.2295,1,1
CUST001913,0,0,0.0910382322741593,0,0.4583002931839785,1,0.3673,1,1
CUST001768,0,0,0.03443993172737336,0,0.12028187402407871,1,0.0858,1,1
CUST003490,0,0,0.0358645743563496,0,0.16431296437996556,1,0.1284,1,1
CUST003653,1,0,0.10734768225743319,0,0.3844769921758888,1,0.2771,0,0
CUST003194,0,0,0.22575249148559473,1,0.6894351155876017,0,0.4637,1,0
CUST003838,0,0,0.03492839517252888,0,0.12493170352744166,1,0.09,1,1
CUST001710,0,0,0.06695799386466383,0,0.31916837451228947,1,0.2522,1,1
CUST002599,1,0,0.3127435327243626,1,0.7504725627585441,0,0.4377,0,1
CUST002507,0,0,0.0366359829340972,0,0.19103200636173634,1,0.1544,1,1
CUST000875,0,0,0.06952898053576484,0,0.26536480583582817,1,0.1958,1,1
CUST002682,0,0,0.03778394055896028,0,0.13337220761003604,1,0.0956,1,1
CUST001653,0,0,0.06297774547523005,0,0.28961296062779535,1,0.2266,1,1
CUST002858,0,0,0.13175099210232055,1,0.5124541188130946,0,0.3807,1,0
CUST001371,1,0,0.12335397531543124,1,0.5047946088876056,0,0.3814,0,1
CUST000753,0,0,0.03700979380375391,0,0.17297152787817782,1,0.136,1,1
CUST003262,0,0,0.07497642113756176,0,0.38915671124098794,1,0.3142,1,1
CUST002387,0,0,0.004069802433463665,0,0.009597661810548679,1,0.0055,1,1
CUST000869,1,0,0.12284054284656565,1,0.5445557384366821,0,0.4217,0,1
CUST001252,0,0,0.11512818565307792,0,0.4235392208722776,1,0.3084,1,1
CUST003027,0,0,0.06134261642492589,0,0.2335816508251716,1,0.1722,1,1
CUST002759,0,0,0.06350306073934853,0,0.21741178727909108,1,0.1539,1,1
CUST002036,0,0,0.06510477601150877,0,0.20684008285464076,1,0.1417,1,1
CUST001323,0,0,0.06412766453024377,0,0.21210368928658827,1,0.148,1,1
CUST001751,0,0,0.08497106985819514,0,0.35692621573470135,1,0.272,1,1
CUST003565,0,0,0.15474079438605903,1,0.6858633731333856,0,0.5311,1,0
CUST000216,0,0,0.03954922613930112,0,0.24287096488973406,1,0.2033,1,1
CUST000948,0,0,0.03844105744662307,0,0.16093085752195427,1,0.1225,1,1
CUST000269,0,0,0.03963919125181126,0,0.17366407220502522,1,0.134,1,1
CUST002566,0,0,0.06788651285335146,0,0.39632503559959104,1,0.3284,1,1
CUST002169,0,0,0.036479461304194216,0,0.10972623943624615,1,0.0732,1,1
CUST001339,0,0,0.03719024746256472,0,0.16946970753925336,1,0.1323,1,1
CUST002572,1,0,0.24590071581609163,1,0.6939168818801604,0,0.448,0,1
CUST001038,0,0,0.06340893238331524,0,0.2760895503977238,1,0.2127,1,1
CUST001661,0,0,0.03529267657741553,0,0.15564118663008505,1,0.1203,1,1
CUST000078,0,0,0.06884544891807787,0,0.2834322834512521,1,0.2146,1,1
CUST003395,0,0,0.1881326426814447,1,0.5604040905507681,0,0.3723,1,0
CUST001109,1,0,0.4169405301640652,1,0.8935840751605132,0,0.4766,0,1
CUST000365,1,0,0.06522612635768277,0,0.2031196022404227,1,0.1379,0,0
CUST000989,0,0,0.3282918470370655,1,0.8300786191451489,0,0.5018,1,0
CUST002540,0,0,0.2525556528828804,1,0.7696760693653275,0,0.5171,1,0
CUST001355,0,0,0.035074897233667524,0,0.08892992841268747,1,0.0539,1,1
CUST002272,0,0,0.06317295355188168,0,0.29414855242420657,1,0.231,1,1
CUST000051,0,0,0.4224350679792551,1,0.8942564236954212,0,0.4718,1,0
CUST001020,0,0,0.2778650407973875,1,0.80252235388398,0,0.5247,1,0
CUST001921,0,0,0.03572480716414295,0,0.15285612652118322,1,0.1171,1,1
CUST003424,1,1,0.6069861626860762,1,0.9648040464618526,1,0.3578,1,1
CUST000534,0,0,0.44651144779265584,1,0.9008791110772414,0,0.4544,1,0
CUST003775,0,0,0.17901849978509432,1,0.6139488467718557,0,0.4349,1,0
CUST001519,0,0,0.11457848685938299,0,0.4619550621138965,1,0.3474,1,1
CUST001122,0,0,0.13548075353039113,0,0.44740056281057533,1,0.3119,1,1
CUST002787,0,0,0.11550681102792537,0,0.42132820586139313,1,0.3058,1,1
CUST003423,0,0,0.036677755793527944,0,0.15152586704807802,1,0.1148,1,1
CUST003151,0,0,0.2905864991183422,1,0.7706710554742523,0,0.4801,1,0
CUST002316,1,0,0.4764294482893814,1,0.9141077221043908,0,0.4377,0,1
CUST001103,0,0,0.19113178171153533,1,0.7139836585340835,0,0.5229,1,0
CUST001289,0,0,0.07235673934854325,0,0.3859790886520397,1,0.3136,1,1
CUST003661,1,0,0.1896962262141042,1,0.6402411860089616,0,0.4505,0,1
CUST003713,1,0,0.07174779705681367,0,0.33487233630250385,1,0.2631,0,0
CUST001316,0,0,0.03709801180672778,0,0.21543091053768154,1,0.1783,1,1
CUST001043,0,0,0.07110779291534597,0,0.3415057994444105,1,0.2704,1,1
CUST002012,0,0,0.21230091840262244,1,0.6977996207422326,0,0.4855,1,0
CUST003548,0,0,0.12116485962859525,0,0.4659915750910867,1,0.3448,1,1
CUST000367,1,0,0.037465975351767655,0,0.15885646648656732,1,0.1214,0,0
CUST000455,0,0,0.038226946276462614,0,0.22191495389548996,1,0.1837,1,1
CUST002785,0,0,0.13201773252081017,0,0.43880028156423995,1,0.3068,1,1
CUST003733,0,0,0.06351967404370684,0,0.20323047646528788,1,0.1397,1,1
CUST001660,1,0,0.24885515484081933,1,0.6571728063192608,0,0.4083,0,1
CUST002357,1,0,0.3224565597968213,1,0.7808833941525789,0,0.4584,0,1
CUST003047,1,0,0.11097894593919189,0,0.38678719940291717,1,0.2758,0,0
CUST000124,0,0,0.1121728361704647,0,0.44439489139500055,1,0.3322,1,1
CUST003751,0,0,0.03517204994039602,0,0.09782364727094925,1,0.0627,1,1
CUST001964,0,0,0.11828947809251456,0,0.45621209089697234,1,0.3379,1,1
CUST001481,0,0,0.1801095195206499,1,0.6278095691624198,0,0.4477,1,0
CUST001156,1,0,0.19041366114917624,1,0.5384702476087387,0,0.3481,0,1
CUST002554,0,0,0.08641884109092324,0,0.38287054037671964,1,0.2965,1,1
CUST000363,0,0,0.06274853899902255,0,0.27906398861396015,1,0.2163,1,1
CUST003887,0,0,0.0690255253857941,0,0.26115601157657775,1,0.1921,1,1
CUST001810,0,0,0.10856441640873604,0,0.46360565712186175,1,0.355,1,1
CUST002898,0,0,0.036873302319626045,0,0.14258358135213223,1,0.1057,1,1
CUST002328,0,0,0.03746981841096386,0,0.25958784029310006,1,0.2221,1,1
CUST003405,0,0,0.13585382838816418,1,0.5537247993557726,0,0.4179,1,0
CUST002534,1,0,0.03625835740923811,0,0.15062963790200723,1,0.1144,0,0
CUST000515,0,0,0.06851291853259678,0,0.29744319482697484,1,0.2289,1,1
CUST002034,0,0,0.06795622311469074,0,0.2516191556735509,1,0.1837,1,1
CUST002764,0,0,0.16096414782811175,1,0.6647969908274342,0,0.5038,1,0
CUST000691,0,0,0.019683743561783706,0,0.09164873108391436,1,0.072,1,1
CUST003642,0,0,0.07025573635554261,0,0.3342886110646052,1,0.264,1,1
CUST001482,0,0,0.06080306629655552,0,0.22400671613548007,1,0.1632,1,1
CUST002834,1,0,0.2718282074752494,1,0.6781056020957785,0,0.4063,0,1
CUST003067,1,0,0.0627069516537736,0,0.22520985403615876,1,0.1625,0,0
CUST001102,0,0,0.03607966067493029,0,0.12406286736207361,1,0.088,1,1
CUST002922,0,0,0.0629732357999373,0,0.2683819627126902,1,0.2054,1,1
CUST003108,0,0,0.03646560438651292,0,0.22167945541005118,1,0.1852,1,1
CUST003841,0,0,0.03457129550225624,0,0.08028753241448927,1,0.0457,1,1
CUST003354,0,0,0.03491510608542925,0,0.12368010330232136,1,0.0888,1,1
CUST000369,0,0,0.03549460716709063,0,0.1649980503000082,1,0.1295,1,1
CUST000057,0,0,0.03532934201629068,0,0.12224470336126,1,0.0869,1,1
CUST003145,0,0,0.16401181892596617,1,0.6753532599310007,0,0.5113,1,0
CUST003746,0,0,0.12653694946240146,1,0.5703617032008081,0,0.4438,1,0
CUST002171,0,0,0.037273908574254166,0,0.13085318635013263,1,0.0936,1,1
CUST002602,0,0,0.0404271485967338,0,0.3139261021362933,1,0.2735,1,1
CUST003581,0,0,0.04090818891053083,0,0.3400831422703771,1,0.2992,1,1
CUST002198,0,0,0.06153475680661569,0,0.2434275904251382,1,0.1819,1,1
CUST002712,0,0,0.06482024908429296,0,0.24354890810913732,1,0.1787,1,1
CUST000511,0,0,0.03666759033232547,0,0.1715567568262983,1,0.1349,1,1
CUST001772,0,0,0.03443993172737336,0,0.09136978429901434,1,0.0569,1,1
CUST003088,0,0,0.06310678931606417,0,0.20614331046113343,1,0.143,1,1
CUST000304,0,0,0.39807055628408217,1,0.8608696293564029,0,0.4628,1,0
CUST000774,0,0,0.062166549553959394,0,0.20179113069754462,1,0.1396,1,1
CUST001811,0,0,0.22072416029347863,1,0.6695030434216388,0,0.4488,1,0
CUST002271,0,0,0.066032246368245,0,0.29915370263092145,1,0.2331,1,1
CUST002984,0,0,0.03447929023684915,0,0.11211079154518362,1,0.0776,1,1
CUST000544,0,0,0.03511856570475547,0,0.0901884480672885,1,0.0551,1,1
CUST001791,0,0,0.11017522145516145,0,0.4056379154704138,1,0.2955,1,1
CUST000660,0,0,0.1800041090613892,1,0.6087561715219275,0,0.4288,1,0
CUST002039,0,0,0.03663974409790116,0,0.1792520124075686,1,0.1426,1,1
CUST003126,0,0,0.03461079875510875,0,0.11735104017781794,1,0.0827,1,1
CUST001117,0,0,0.184420898935429,1,0.6518300988498618,0,0.4674,1,0
CUST001549,0,0,0.12092769109998946,0,0.4144285627506421,1,0.2935,1,1
CUST002071,0,0,0.06466296223618728,0,0.21865190428537049,1,0.154,1,1
CUST002618,0,0,0.03591915244009369,0,0.10129739790095596,1,0.0654,1,1
CUST001668,0,0,0.03445304641419544,0,0.08073071928056504,1,0.0463,1,1
CUST000823,0,0,0.06312818602844983,0,0.26137563340887937,1,0.1982,1,1
CUST002541,0,0,0.1329382371114226,0,0.4962021780130691,1,0.3633,1,1
CUST002584,1,0,0.09939061419455242,0,0.4380801130967862,1,0.3387,0,0
CUST000095,1,0,0.1797349469275118,1,0.579312461149013,0,0.3996,0,1
CUST002045,0,0,0.11581937410063348,0,0.4368130033983618,1,0.321,1,1
CUST003636,0,0,0.12553283351112077,0,0.4929894439620887,1,0.3675,1,1
CUST000334,0,1,0.8102257737306234,1,0.9816946678398887,1,0.1715,0,0
CUST001381,0,0,0.03607966067493029,0,0.1172900247585444,1,0.0812,1,1
CUST002249,0,0,0.03625835740923811,0,0.10589764787429541,1,0.0696,1,1
CUST001107,0,0,0.19150256118260622,1,0.6461482351401616,0,0.4546,1,0
CUST003924,0,0,0.050504997265671814,0,0.23292195594093967,1,0.1824,1,1
CUST001909,0,0,0.037207042208452834,0,0.16044930423770948,1,0.1232,1,1
CUST003826,0,0,0.07762264330132251,0,0.3737285490705989,1,0.2961,1,1
CUST003326,0,0,0.11151557713547533,0,0.4336970469588009,1,0.3222,1,1
CUST003865,0,0,0.08228008906326134,0,0.3109783812972714,1,0.2287,1,1
CUST000317,0,0,0.06372079265678421,0,0.2501841389266565,1,0.1865,1,1
CUST000937,0,0,0.03443993172737336,0,0.1810828851161398,1,0.1466,1,1
CUST002889,0,0,0.06210235161582167,0,0.18368810724941123,1,0.1216,1,1
CUST001643,0,0,0.03598748749691261,0,0.1726570570566928,1,0.1367,1,1
CUST002715,0,0,0.28433937428987366,1,0.770494834128405,0,0.4862,1,0
CUST003382,0,0,0.0621435645742745,0,0.22744612606462106,1,0.1653,1,1
CUST002978,0,0,0.03526583626085378,0,0.10125351715065843,1,0.066,1,1
CUST003793,0,0,0.03457129550225624,0,0.1345698017182656,1,0.1,1,1
CUST002018,0,0,0.03515867152805874,0,0.08239916476716443,1,0.0472,1,1
CUST001571,0,0,0.03591915244009369,0,0.1403121546429456,1,0.1044,1,1
CUST002423,0,0,0.036947174569031516,0,0.14173405779490586,1,0.1048,1,1
CUST002212,0,0,0.10472543127240974,0,0.40264193058816955,1,0.2979,1,1
CUST002239,0,0,0.06666804371971957,0,0.25782246133769554,1,0.1912,1,1
CUST002679,0,0,0.06307398043484336,0,0.2881622034462589,1,0.2251,1,1
CUST001920,0,0,0.0667285256168818,0,0.2965317157819345,1,0.2298,1,1
CUST000739,0,0,0.06770006081899349,0,0.23434488698879197,1,0.1666,1,1
CUST002218,0,0,0.03535986349746534,0,0.11924936257356068,1,0.0839,1,1
CUST003315,0,0,0.06108712999856092,0,0.23768515861656783,1,0.1766,1,1
CUST001279,0,0,0.03583363340837398,0,0.1505977714920515,1,0.1148,1,1
CUST000631,0,0,0.035517964570206506,0,0.126341467965716,1,0.0908,1,1
CUST000798,0,0,0.14255378602559365,1,0.5046358598519527,0,0.3621,1,0
CUST002460,0,0,0.035966420133390464,0,0.10240624944066894,1,0.0664,1,1
CUST001831,0,0,0.0570231231067162,0,0.26916778170338174,1,0.2121,1,1
CUST001230,0,0,0.03490683510753678,0,0.17962399179841723,1,0.1447,1,1
CUST000814,0,0,0.03443993172737336,0,0.08260595127039957,1,0.0482,1,1
CUST000194,0,0,0.0606063114924793,0,0.23068591750539605,1,0.1701,1,1
CUST003160,0,0,0.08292207088315073,0,0.31213323914504393,1,0.2292,1,1
CUST000403,0,0,0.13906769832667565,1,0.5256515325253318,0,0.3866,1,0
CUST003790,0,0,0.03445304641419544,0,0.12381016644971424,1,0.0894,1,1
CUST002775,0,0,0.0720134637472879,0,0.3949759186517325,1,0.323,1,1
CUST003096,0,0,0.040985611944206246,0,0.35672678820245307,1,0.3157,1,1
CUST000217,0,0,0.040152710705932515,0,0.18274370616915817,1,0.1426,1,1
CUST002683,0,0,0.08236254094056816,0,0.33829153939871837,1,0.2559,1,1
CUST001431,0,0,0.45744339777612475,1,0.8824031226398171,0,0.425,1,0
CUST000526,0,0,0.27343264795240974,1,0.7542857891755144,0,0.4809,1,0
CUST002563,0,0,0.06800641741946167,0,0.23936789841747252,1,0.1714,1,1
CUST003221,0,0,0.06066655834659629,0,0.28010849367017054,1,0.2194,1,1
CUST003936,0,0,0.03535986349746534,0,0.08184071263256973,1,0.0465,1,1
CUST001703,0,0,0.18266527897682228,1,0.5537449221113173,0,0.3711,1,0
CUST002081,0,0,0.06073245855058462,0,0.22232142285708623,1,0.1616,1,1
CUST003662,0,0,0.14005344849042234,0,0.48716765508089516,1,0.3471,1,1
CUST001454,0,0,0.060534958562910246,0,0.26985355606374556,1,0.2093,1,1
CUST000985,0,0,0.11825840383749131,0,0.43137996546289026,1,0.3131,1,1
CUST000196,1,0,0.27576942536721893,1,0.7008782599995853,0,0.4251,0,1
CUST001451,1,0,0.2799439554529948,1,0.6853550802199587,0,0.4054,0,1
CUST003946,0,0,0.3469068908827727,1,0.8218604528017529,0,0.475,1,0
CUST003922,0,0,0.06097880201754147,0,0.23928746173893636,1,0.1783,1,1
CUST000098,0,0,0.03601485654794201,0,0.18093982030103187,1,0.1449,1,1
CUST003224,0,0,0.13343273853609383,0,0.4545372144358924,1,0.3211,1,1
CUST001980,0,0,0.11070424648196897,0,0.41146525940816814,1,0.3008,1,1
CUST000919,0,0,0.07206095319137706,0,0.3091808759005488,1,0.2371,1,1
CUST000555,1,1,0.8246052682697271,1,0.9884989547514241,1,0.1639,1,1
CUST001225,0,0,0.07799820105442601,0,0.3432739421888142,1,0.2653,1,1
CUST003672,0,0,0.4201752358242197,1,0.8487922467477708,0,0.4286,1,0
CUST002577,0,0,0.035562164333027946,0,0.14573958044965074,1,0.1102,1,1
CUST001010,0,0,0.10844573848930616,0,0.375121819739709,1,0.2667,1,1
CUST000979,1,0,0.06895605943372818,0,0.265738340690814,1,0.1968,0,0
CUST002360,0,0,0.11113780999093292,0,0.4394724442569248,1,0.3283,1,1
CUST001671,0,0,0.1273265208991986,0,0.4568351024920757,1,0.3295,1,1
CUST001479,0,0,0.06436116316508245,0,0.2403644381840642,1,0.176,1,1
CUST003437,0,0,0.11062200755513607,0,0.3776010497970853,1,0.267,1,1
CUST003844,0,0,0.036052244218595875,0,0.09994368339806334,1,0.0639,1,1
CUST002680,0,0,0.07529027847595982,0,0.31119381843430166,1,0.2359,1,1
CUST003978,0,0,0.023448728204756186,0,0.11567997448736553,1,0.0922,1,1
CUST001442,1,0,0.31429805607698635,1,0.8298619518631866,0,0.5156,0,1
CUST000626,0,0,0.03680334944347741,0,0.19849076934819587,1,0.1617,1,1
CUST000338,0,0,0.18676470533906164,1,0.5559899151344574,0,0.3692,1,0
CUST002070,0,0,0.06476998258754996,0,0.25068989078266635,1,0.1859,1,1
CUST002524,0,0,0.11173221678852474,0,0.47698522615252864,1,0.3653,1,1
CUST003478,0,0,0.10983591238323032,0,0.496570870310189,1,0.3867,1,1
CUST001568,0,0,0.02096480707068027,0,0.11016260945752628,1,0.0892,1,1
CUST002337,0,0,0.31905759390756583,1,0.8216321752926118,0,0.5026,1,0
CUST002287,0,0,0.15251898007787468,0,0.4896558768022239,1,0.3371,1,1
CUST002527,0,0,0.036282198495883544,0,0.13695497820716035,1,0.1007,1,1
CUST000722,0,0,0.0687585119101588,0,0.28925873752533005,1,0.2205,1,1
CUST002348,0,0,0.03816900039965698,0,0.27578247617167584,1,0.2376,1,1
CUST002222,1,0,0.19391600665447484,1,0.6299512901176789,0,0.436,0,1
CUST003124,0,0,0.07780290976089344,0,0.31566143942064867,1,0.2379,1,1
CUST000725,0,0,0.03590550042739393,0,0.10805342621149318,1,0.0721,1,1
CUST003782,0,0,0.03445304641419544,0,0.11517769502813555,1,0.0807,1,1
CUST002829,0,0,0.03527925395997744,0,0.10955579687275348,1,0.0743,1,1
CUST003193,0,0,0.03582369320059531,0,0.1342823168775382,1,0.0985,1,1
CUST002158,0,1,0.5204354434742762,1,0.9161431085195205,1,0.3957,0,0
CUST002548,0,0,0.06349400374128222,0,0.2947361187542038,1,0.2312,1,1
CUST002349,0,0,0.06267900567485185,0,0.21835381311053423,1,0.1557,1,1
CUST002701,0,0,0.19272232991401028,1,0.6431128069263962,0,0.4504,1,0
CUST003940,0,0,0.06879090021970091,0,0.3105302249379375,1,0.2417,1,1
CUST000411,0,0,0.11119651790835083,0,0.42643171311905126,1,0.3152,1,1
CUST003190,0,0,0.03635493122403155,0,0.10247771221356992,1,0.0661,1,1
CUST001099,0,0,0.03748019762312549,0,0.250407061009441,1,0.2129,1,1
CUST002671,0,0,0.10861662344389134,0,0.4582795966599898,1,0.3497,1,1
CUST000465,0,0,0.06494315377220994,0,0.24927832346361198,1,0.1843,1,1
CUST003049,0,0,0.035091852984087346,0,0.18063701218229758,1,0.1455,1,1
CUST000813,0,0,0.036313512174733775,0,0.10116591171025874,1,0.0649,1,1
CUST000982,0,0,0.036410227343705914,0,0.14131546307630852,1,0.1049,1,1
CUST002125,1,0,0.0674010737232279,0,0.2730248453074078,1,0.2056,0,0
CUST003361,0,0,0.013931776667173934,0,0.07499004206175149,1,0.0611,1,1
CUST000550,0,0,0.03723148298871115,0,0.1781249546394917,1,0.1409,1,1
CUST001970,0,0,0.06014271315032893,0,0.21472851676435487,1,0.1546,1,1
CUST000471,0,0,0.036831315264302944,0,0.17770525060250905,1,0.1409,1,1
CUST001812,0,0,0.036138265422567706,0,0.18401231333454426,1,0.1479,1,1
CUST003417,0,0,0.0363097832372653,0,0.16771689147441965,1,0.1314,1,1
CUST001755,0,0,0.03504821652261414,0,0.11522835112288707,1,0.0802,1,1
CUST002730,0,0,0.0721258647388191,0,0.3920701155446547,1,0.3199,1,1
CUST000055,0,0,0.0639106245841955,0,0.3051091407647675,1,0.2412,1,1
CUST003464,0,0,0.12034100176353624,0,0.42881464237634936,1,0.3085,1,1
CUST002887,0,0,0.035252423478384864,0,0.11327341365065294,1,0.078,1,1
CUST001538,0,0,0.08618495252301961,0,0.35870509839231435,1,0.2725,1,1
CUST001620,0,0,0.11369868940284145,0,0.3939934996507778,1,0.2803,1,1
CUST003594,0,0,0.11495603199107463,0,0.4349479211865583,1,0.32,1,1
CUST003310,0,0,0.03724676499626001,0,0.2730479857496356,1,0.2358,1,1
CUST000736,0,0,0.10716409039461161,0,0.44156112116113005,1,0.3344,1,1
CUST000477,0,0,0.067622665372846,0,0.20891217458818256,1,0.1413,1,1
CUST000273,1,1,0.5822895249983612,1,0.9352952386642069,1,0.353,1,1
CUST003469,0,0,0.03443993172737336,0,0.119222517321514,1,0.0848,1,1
CUST002794,1,1,0.6922709227826118,1,0.9503541820588148,1,0.2581,1,1
CUST000867,0,0,0.11511162904363748,0,0.39119715828016033,1,0.2761,1,1
CUST000235,0,0,0.035198821481863374,0,0.10319707936827226,1,0.068,1,1
CUST000118,0,0,0.035225612656771155,0,0.10858874259358138,1,0.0734,1,1
CUST003889,0,0,0.18220690079305202,1,0.5855102410564832,0,0.4033,1,0
CUST002512,0,0,0.21287451359558274,1,0.677295381534171,0,0.4644,1,0
CUST003183,0,0,0.20159070266359358,1,0.6048629126974264,0,0.4033,1,0
CUST000067,0,0,0.2189383209134148,1,0.6607341178944384,0,0.4418,1,0
CUST000496,0,0,0.03580639696023147,0,0.09843324221602014,1,0.0626,1,1
CUST001040,0,0,0.03624830381294364,0,0.16091516384048313,1,0.1247,1,1
CUST001744,1,0,0.20406751570206427,1,0.6693999740162478,0,0.4653,0,1
CUST003584,0,0,0.12600975442799178,0,0.42096375219768317,1,0.295,1,1
CUST003237,0,0,0.036793150502734684,0,0.1630480845912902,1,0.1263,1,1
CUST000668,0,0,0.07350948536404323,0,0.26440359536958,1,0.1909,1,1
CUST003503,0,0,0.06530622699381261,0,0.20852132255481287,1,0.1432,1,1
CUST003832,0,0,0.03613455380595276,0,0.12854717031982738,1,0.0924,1,1
CUST001816,0,0,0.06660996635355321,0,0.2335212619898797,1,0.1669,1,1
CUST001084,0,0,0.036024847817051286,0,0.12658691737088498,1,0.0906,1,1
CUST003701,0,0,0.03676143900209439,0,0.17113728534056574,1,0.1344,1,1
CUST000289,1,0,0.26365480619144743,1,0.8230241793824893,0,0.5594,0,1
CUST003698,0,0,0.0392222298233359,0,0.41919598977734096,1,0.38,1,1
CUST002378,0,0,0.44122300496122957,1,0.8717405265194046,0,0.4305,1,0
CUST000547,0,0,0.06590368166413363,0,0.2548204402745117,1,0.1889,1,1
CUST002095,0,0,0.3529703305051508,1,0.8329985813536593,0,0.48,1,0
CUST001608,1,0,0.11430717398113799,0,0.4542566429856968,1,0.3399,0,0
CUST003352,0,0,0.13887997451199507,1,0.5646048519302638,0,0.4257,1,0
CUST000513,0,0,0.036378833414214995,0,0.10059331206756789,1,0.0642,1,1
CUST000085,0,0,0.12331485246890561,1,0.5238577371121915,0,0.4005,1,0
CUST002083,0,0,0.0706581990388816,0,0.4067757322696371,1,0.3361,1,1
CUST001747,0,1,0.5703021026270682,1,0.9383239649527687,1,0.368,0,0
CUST002268,0,0,0.0674274541394243,0,0.23722291291841766,1,0.1698,1,1
CUST001656,0,0,0.03513192941189458,0,0.12953987657646843,1,0.0944,1,1
CUST000687,0,0,0.195269161039606,1,0.608937278864162,0,0.4137,1,0
CUST000732,0,0,0.08980377460933031,0,0.4124981226765459,1,0.3227,1,1
CUST000332,0,0,0.03513192941189458,0,0.14022408048554832,1,0.1051,1,1
CUST002630,0,0,0.03579646402730485,0,0.11528053426319801,1,0.0795,1,1
CUST002779,0,0,0.03546761892697481,0,0.1360604648340372,1,0.1006,1,1
CUST000907,0,0,0.2375693708904929,1,0.6744926398595981,0,0.4369,1,0
CUST000956,0,0,0.1803050010894124,1,0.6146453722065365,0,0.4343,1,0
CUST003433,0,0,0.06355793051720937,0,0.22543533532230514,1,0.1619,1,1
CUST002292,1,0,0.035427173624677066,0,0.13021380889738388,1,0.0948,0,0
CUST003861,1,0,0.06493668303458922,0,0.23905535812325335,1,0.1741,0,0
CUST000614,0,0,0.0735405246437092,0,0.26644145368193023,1,0.1929,1,1
CUST000162,0,0,0.12579687729001765,1,0.5170173671811117,0,0.3912,1,0
CUST002645,0,0,0.2231476031640851,1,0.7450611945853541,0,0.5219,1,0
CUST000033,0,0,0.036048541106448506,0,0.11821864993789291,1,0.0822,1,1
CUST003148,0,0,0.037622705992491845,0,0.13478144652322796,1,0.0972,1,1
CUST002484,0,0,0.07595471882785387,0,0.26164177730145266,1,0.1857,1,1
CUST003006,0,0,0.03527925395997744,0,0.08789100991659032,1,0.0526,1,1
CUST002852,0,0,0.03789218698589247,0,0.2751937756068082,1,0.2373,1,1
CUST003845,0,0,0.03518543325777845,0,0.0857864538788377,1,0.0506,1,1
CUST001867,0,0,0.03527925395997744,0,0.12957953633391048,1,0.0943,1,1
CUST002240,0,0,0.03518543325777845,0,0.1353024160960747,1,0.1001,1,1
CUST002273,0,0,0.13505638771939144,0,0.4410686518330415,1,0.306,1,1
CUST002061,0,0,0.12253484015422011,1,0.5152545749839175,0,0.3927,1,0
CUST003998,0,0,0.035639733738999646,0,0.17952779727942414,1,0.1439,1,1
CUST001641,0,0,0.3211893233821508,1,0.7731227964115353,0,0.4519,1,0
CUST000003,0,0,0.03676143900209439,0,0.1243369914419528,1,0.0876,1,1
CUST002241,0,0,0.07373316389301676,0,0.30782097200648645,1,0.2341,1,1
CUST001485,0,0,0.013529045025634234,0,0.07701532114398342,1,0.0635,1,1
CUST002030,0,0,0.040661375055726645,0,0.21636851338587165,1,0.1757,1,1
CUST001906,0,0,0.039459456822041106,0,0.2524429155869947,1,0.213,1,1
CUST003357,0,0,0.0399404940317436,0,0.21231907907086112,1,0.1724,1,1
CUST000962,0,0,0.06794894028792908,0,0.2588913305945835,1,0.1909,1,1
CUST002346,1,0,0.0610255264117856,0,0.18598427044722057,1,0.125,0,0
CUST003269,0,0,0.03517204994039602,0,0.11581272584758386,1,0.0806,1,1
CUST003400,0,0,0.03511856570475547,0,0.11820047861491233,1,0.0831,1,1
CUST002170,0,0,0.06189754443705042,0,0.17785161052243953,1,0.116,1,1
CUST001678,0,0,0.10267922750335945,0,0.41636529291784924,1,0.3137,1,1
CUST000565,0,0,0.18528108996345183,1,0.5938795638094981,0,0.4086,1,0
CUST000841,0,0,0.06458654384566265,0,0.2806575941947753,1,0.2161,1,1
CUST003004,0,0,0.03803619993095053,0,0.2522879126730363,1,0.2143,1,1
CUST001650,0,0,0.1059076463919254,0,0.3883745644552206,1,0.2825,1,1
CUST002637,0,0,0.06066810203488271,0,0.23524019367936402,1,0.1746,1,1
CUST001163,0,0,0.10760725668058146,0,0.36494611544480515,1,0.2573,1,1
CUST001278,0,0,0.29695554143653935,1,0.7939469838702434,0,0.497,1,0
CUST003000,1,0,0.45882591535428796,1,0.9004161634340251,0,0.4416,0,1
CUST000625,0,0,0.2787566543719662,1,0.7032699483346511,0,0.4245,1,0
CUST003337,0,0,0.0620532805916465,0,0.25989938653328454,1,0.1978,1,1
CUST000958,0,0,0.035932809450104686,0,0.16123763248072523,1,0.1253,1,1
CUST003595,1,0,0.40957386096473103,1,0.8480653478359614,0,0.4385,0,1
CUST002672,0,0,0.06273101710116147,0,0.24634182382555686,1,0.1836,1,1
CUST001200,0,0,0.03535986349746534,0,0.1215286210373113,1,0.0862,1,1
CUST002999,0,0,0.06124251758769961,0,0.2475855489736486,1,0.1863,1,1
CUST003467,0,0,0.1869607677879923,1,0.7017703394896375,0,0.5148,1,0
CUST000997,0,0,0.33030190137936966,1,0.8399445805414029,0,0.5096,1,0
CUST003993,0,0,0.06598696637557544,0,0.26511245899572083,1,0.1991,1,1
CUST002343,0,0,0.03471635364108161,0,0.08549555886119414,1,0.0508,1,1
CUST001268,0,0,0.07447383076152625,0,0.32278111408236654,1,0.2483,1,1
CUST002956,0,0,0.1166733315850963,0,0.4789634922563586,1,0.3623,1,1
CUST000758,0,0,0.06601636048194237,0,0.24801976732177433,1,0.182,1,1
CUST003990,0,0,0.06127793409498139,0,0.21923716173447463,1,0.158,1,1
CUST002295,0,0,0.2416338645305578,1,0.7140480194469658,0,0.4724,1,0
CUST001062,0,0,0.3182808155115159,1,0.7990516337755095,0,0.4808,1,0
CUST000004,0,0,0.06991260162914903,0,0.24781764551705524,1,0.1779,1,1
CUST001978,0,0,0.03546761892697481,0,0.1396093234619053,1,0.1041,1,1
CUST001634,0,0,0.035454132220158696,0,0.12576696060238834,1,0.0903,1,1
CUST002148,0,0,0.11640872632702826,0,0.4605143279522992,1,0.3441,1,1
CUST002513,0,0,0.06552650103759194,0,0.21636600530489458,1,0.1508,1,1
CUST000112,0,0,0.049751738073291585,0,0.2740771873572847,1,0.2243,1,1
CUST001052,0,0,0.20775951958582128,1,0.6670605796855344,0,0.4593,1,0
CUST003623,0,0,0.06225965793168986,0,0.28422864448507873,1,0.222,1,1
CUST001950,0,0,0.18024445456451021,0,0.4991139200007567,1,0.3189,1,1
CUST003938,0,0,0.1108523160702295,0,0.4196744555086324,1,0.3088,1,1
CUST000203,0,0,0.07279297037504351,0,0.3697194215786067,1,0.2969,1,1
CUST003065,0,0,0.12727241217799834,0,0.41975416503232016,1,0.2925,1,1
CUST001510,0,0,0.11325774117351906,0,0.4745081887623236,1,0.3613,1,1
CUST003712,0,0,0.11701250494057669,0,0.45586865988204317,1,0.3389,1,1
CUST000549,1,0,0.21957910506984557,1,0.6752082393078637,0,0.4556,0,1
CUST002622,0,0,0.03685551868266701,0,0.16054897272010688,1,0.1237,1,1
CUST002949,0,0,0.004154642792772667,0,0.018559900963457,1,0.0144,1,1
CUST003481,1,0,0.3917121821109776,1,0.8807433388189693,0,0.489,0,1
CUST003660,0,0,0.06561206967756361,0,0.28057093274253236,1,0.215,1,1
CUST003767,0,0,0.06810335596675987,0,0.34889161367784755,1,0.2808,1,1
CUST001724,0,0,0.03696386375984384,0,0.11208686579146744,1,0.0751,1,1
CUST001735,0,0,0.11334374536840985,0,0.4480345624692277,1,0.3347,1,1
CUST001262,0,0,0.06216970825175949,0,0.22774255442631677,1,0.1656,1,1
CUST001774,0,0,0.06816272028364978,0,0.2524016631288654,1,0.1842,1,1
CUST003866,0,0,0.03538677275184665,0,0.13053319421971682,1,0.0951,1,1
CUST000980,0,0,0.035508108703724894,0,0.10510650089136393,1,0.0696,1,1
CUST002847,0,0,0.03474279081506493,0,0.12510387643444604,1,0.0904,1,1
CUST003884,0,0,0.17272583106927675,1,0.6267183486450937,0,0.454,1,0
CUST003559,0,0,0.1859596954885845,1,0.6728255394931497,0,0.4869,1,0
CUST000568,0,0,0.44156470109638357,1,0.8652909550592157,0,0.4237,1,0
CUST000773,0,0,0.06377181025861711,0,0.2825526239137392,1,0.2188,1,1
CUST001948,0,0,0.0359564444644056,0,0.16167294979663416,1,0.1257,1,1
CUST001307,0,0,0.03664990213291475,0,0.17068494221060726,1,0.134,1,1
CUST003649,0,0,0.03874552509903917,0,0.31087156342927624,1,0.2721,1,1
CUST003502,0,0,0.12750333513477852,1,0.5492702988727444,0,0.4218,1,0
CUST003095,0,0,0.08500336224554639,0,0.35767929227377404,1,0.2727,1,1
CUST002282,0,0,0.0375941627270483,0,0.20024927101911388,1,0.1627,1,1
CUST001465,0,0,0.03515867152805874,0,0.12771239215716776,1,0.0926,1,1
CUST003798,0,0,0.036556327400366184,0,0.19939074434864681,1,0.1628,1,1
CUST001472,0,0,0.06304997248944466,0,0.2761028807721408,1,0.2131,1,1
CUST001675,0,0,0.03642780424383962,0,0.13607518399039292,1,0.0996,1,1
CUST000527,0,0,0.037726639865940825,0,0.2463038825665949,1,0.2086,1,1
CUST003452,0,0,0.12020602510760792,1,0.5330436568916419,0,0.4128,1,0
CUST001506,0,0,0.035252423478384864,0,0.08007909147846498,1,0.0448,1,1
CUST000940,0,0,0.03638630530546394,0,0.15787790232442755,1,0.1215,1,1
CUST002213,0,0,0.03600745808308503,0,0.13258984244821784,1,0.0966,1,1
CUST003635,0,0,0.03693580115514761,0,0.19705616558520977,1,0.1601,1,1
CUST003778,0,0,0.020097122438771597,0,0.13647642899780688,1,0.1164,1,1
CUST001408,0,0,0.037977364857380125,0,0.12724596261823842,1,0.0893,1,1
CUST003748,0,0,0.35671654895568006,1,0.8661923503273787,0,0.5095,1,0
CUST003596,0,0,0.06286487313412714,0,0.20003155646160897,1,0.1372,1,1
CUST001065,0,0,0.03579646402730485,0,0.10150960409990589,1,0.0657,1,1
CUST000422,0,0,0.1924181236595236,1,0.6050910990010562,0,0.4127,1,0
CUST002084,0,0,0.10707991059879152,0,0.44132544509166216,1,0.3342,1,1
CUST000466,1,1,0.9187421051948699,1,0.9969192260560187,1,0.0782,1,1
CUST003947,0,0,0.1934820121028814,1,0.6506795607509426,0,0.4572,1,0
CUST001213,0,0,0.03515867152805874,0,0.08992388997107845,1,0.0548,1,1
CUST001096,0,0,0.035891853410324304,0,0.13181766563667915,1,0.0959,1,1
CUST002303,1,0,0.1998144369458903,1,0.569744758441038,0,0.3699,0,1
CUST000168,0,0,0.1066473731001214,0,0.3887834717811566,1,0.2821,1,1
CUST000262,0,0,0.03579646402730485,0,0.2828293340185287,1,0.247,1,1
CUST001903,0,0,0.03587821138720293,0,0.17129776471914757,1,0.1354,1,1
CUST000545,0,0,0.035782856914787775,0,0.13745653087873222,1,0.1017,1,1
CUST000087,0,0,0.06272245288965328,0,0.25784401536296914,1,0.1951,1,1
CUST000459,1,1,0.5020735190050958,1,0.8945852518309823,1,0.3925,1,1
CUST003137,0,0,0.034492419375946604,0,0.14702352282176748,1,0.1125,1,1
CUST000508,0,0,0.1766307056765829,1,0.6125716027175881,0,0.4359,1,0
CUST003777,0,0,0.06531614880995851,0,0.30363721017676215,1,0.2383,1,1
CUST003428,0,1,0.7302983345129468,1,0.9789145408285106,1,0.2486,0,0
CUST000711,0,0,0.21133828854808945,1,0.6592528822878444,0,0.4479,1,0
CUST001164,0,0,0.036138265422567706,0,0.1439065844985884,1,0.1078,1,1
CUST002840,0,0,0.03713000245333031,0,0.12274227110633722,1,0.0856,1,1
CUST002699,0,0,0.03659425584313125,0,0.12758084236058093,1,0.091,1,1
CUST002644,0,0,0.17993162020187525,1,0.5893687479211392,0,0.4094,1,0
CUST002016,0,0,0.07102958023861439,0,0.3735278294371745,1,0.3025,1,1
CUST000638,0,0,0.06815801452529091,0,0.31115409430516644,1,0.243,1,1
CUST003388,1,0,0.26206542618699225,1,0.7483198442488108,0,0.4863,0,1
CUST001342,1,0,0.11650046440866435,0,0.4560940731833074,1,0.3396,0,0
CUST001343,0,0,0.03733820810806865,0,0.20553179055439585,1,0.1682,1,1
CUST002006,0,0,0.03663222214170481,0,0.1547016277564882,1,0.1181,1,1
CUST000117,0,0,0.14424278140824953,0,0.46140535365774193,1,0.3172,1,1
CUST000331,0,0,0.07903432365527951,0,0.3337703617123868,1,0.2547,1,1
CUST000728,1,0,0.2575335604645492,1,0.7682608859175232,0,0.5107,0,1
CUST001208,1,0,0.30428843266477024,1,0.833396444103087,0,0.5291,0,1
CUST000375,0,0,0.035212214614308235,0,0.1626337545282479,1,0.1274,1,1
CUST000670,0,0,0.03598748749691261,0,0.13827206564740402,1,0.1023,1,1
CUST002652,0,0,0.03446616591680984,0,0.1456459708332809,1,0.1112,1,1
CUST001795,0,0,0.06320680884394758,0,0.22813919417157985,1,0.1649,1,1
CUST002763,0,0,0.03511856570475547,0,0.11904184517131323,1,0.0839,1,1
CUST002063,0,0,0.035091852984087346,0,0.08822004928614799,1,0.0531,1,1
CUST003585,0,0,0.07298005566841137,0,0.29917040705944026,1,0.2262,1,1
CUST001308,0,0,0.03511856570475547,0,0.10919291868412814,1,0.0741,1,1
CUST003791,1,0,0.4565039212817553,1,0.8991499738064684,0,0.4426,0,1
CUST000189,0,0,0.1134051652270045,0,0.3724636349000362,1,0.2591,1,1
CUST002319,0,0,0.03631724148072424,0,0.1447331032474618,1,0.1084,1,1
CUST001492,0,0,0.03588816615939028,0,0.1467648648305835,1,0.1109,1,1
CUST002886,0,0,0.05409014811803814,0,0.2220124145115366,1,0.1679,1,1
CUST002000,0,0,0.06259950824527138,0,0.33309198797063994,1,0.2705,1,1
CUST003792,0,0,0.06549594767336953,0,0.33377306393852985,1,0.2683,1,1
CUST002717,0,0,0.06220562542255903,0,0.23910762716754216,1,0.1769,1,1
CUST000694,0,0,0.06522414647874797,0,0.27647752491692495,1,0.2113,1,1
CUST001372,0,0,0.1322010613908574,1,0.5059489011291787,0,0.3737,1,0
CUST000879,0,0,0.12445706204159046,0,0.46076408732843865,1,0.3363,1,1
CUST002641,0,0,0.03579646402730485,0,0.11748207749497788,1,0.0817,1,1
CUST002340,0,0,0.03638630530546394,0,0.11932839130969482,1,0.0829,1,1
CUST003916,0,0,0.06305157275393503,0,0.21912271211001838,1,0.1561,1,1
CUST000674,0,0,0.12706928415951835,0,0.4877420963830616,1,0.3607,1,1
CUST003888,0,0,0.1542857065243981,1,0.5712491175712442,0,0.417,1,0
CUST001181,0,0,0.03607966067493029,0,0.14939744353787673,1,0.1133,1,1
CUST001752,0,0,0.03804282993944186,0,0.20681731562973077,1,0.1688,1,1
CUST000629,0,0,0.0380717003785338,0,0.3111247440500549,1,0.2731,1,1
CUST001628,1,0,0.03788053411202219,0,0.1794683890193417,1,0.1416,0,0
CUST000636,0,0,0.03814005910176754,0,0.1554394523339158,1,0.1173,1,1
CUST003954,0,0,0.03511856570475547,0,0.13372248643196755,1,0.0986,1,1
CUST001418,0,0,0.035711226281320174,0,0.137744014779387,1,0.102,1,1
CUST001521,0,0,0.11433685421871553,1,0.5154329764133218,0,0.4011,1,0
CUST000898,0,0,0.03703410999825829,0,0.14212622626140853,1,0.1051,1,1
CUST001991,0,0,0.06899347688955892,0,0.34589529615132397,1,0.2769,1,1
CUST003590,0,0,0.038630981073314974,0,0.21564054968727978,1,0.177,1,1
CUST001815,0,0,0.06965877629407513,0,0.3861751415690911,1,0.3165,1,1
CUST002555,1,0,0.07269019131829424,0,0.3871302807738127,1,0.3144,0,0
CUST000695,0,0,0.08109419476473423,0,0.2649248420199715,1,0.1838,1,1
CUST003749,0,0,0.06297852901118028,0,0.20271986433731334,1,0.1397,1,1
CUST003309,0,0,0.10685908308687331,0,0.43712392494598934,1,0.3303,1,1
CUST001947,0,0,0.061019317865075196,0,0.22147293208568725,1,0.1605,1,1
CUST002490,0,0,0.10896057885204291,0,0.413938177404301,1,0.305,1,1
CUST003152,0,0,0.1092724917609853,0,0.3331823795491711,1,0.2239,1,1
CUST000706,0,0,0.027195168538541425,0,0.09657310065395895,1,0.0694,1,1
CUST000209,0,0,0.03582369320059531,0,0.13684520387814852,1,0.101,1,1
CUST002506,1,0,0.2688016438937647,1,0.7869230418553512,0,0.5181,0,1
CUST001789,1,0,0.41354109427543817,1,0.8495212449413473,0,0.436,0,1
CUST001438,0,0,0.061895971527181515,0,0.20836763450439905,1,0.1465,1,1
CUST000973,0,0,0.08932235716324388,0,0.30903346809121324,1,0.2197,1,1
CUST001242,1,0,0.0659161731970006,0,0.25806647942084066,1,0.1922,0,0
CUST000718,0,0,0.034861998452567766,0,0.08558191431564999,1,0.0507,1,1
CUST001281,0,0,0.2790142850427044,1,0.7661738893591664,0,0.4872,1,0
CUST001943,0,0,0.1085000568875012,0,0.3521578359044494,1,0.2437,1,1
CUST003114,1,0,0.12681187677849548,0,0.4820149243202727,1,0.3552,0,0
CUST002670,0,0,0.11493851162704793,0,0.4187881140984074,1,0.3038,1,1
CUST003715,0,0,0.11934243006016854,0,0.434044487241536,1,0.3147,1,1
CUST003346,0,0,0.061506383029303335,0,0.26029267227637,1,0.1988,1,1
CUST003356,0,0,0.06745300892732475,0,0.26446707044081164,1,0.197,1,1
CUST002296,1,0,0.11517891015215997,0,0.4446508531136886,1,0.3295,0,0
CUST002496,0,0,0.03202757426037017,0,0.13960182169709143,1,0.1076,1,1
CUST003273,1,0,0.24005827675160374,1,0.7191948165435847,0,0.4791,0,1
CUST001556,1,0,0.45143122644736755,1,0.8674234909776422,0,0.416,0,1
CUST003439,0,0,0.12040875717816635,0,0.46400243958979437,1,0.3436,1,1
CUST000488,0,0,0.23524297362386415,1,0.7930570902232511,0,0.5578,1,0
CUST001126,0,0,0.06711751965055945,0,0.2826295038710695,1,0.2155,1,1
CUST003376,0,0,0.07009484296814972,0,0.3427788581267319,1,0.2727,1,1
CUST001972,0,0,0.11695659641918643,0,0.4660968723435107,1,0.3491,1,1
CUST001938,0,0,0.03686951809805039,0,0.18314366519689534,1,0.1463,1,1
CUST003186,0,0,0.03686951809805039,0,0.17497386994151268,1,0.1381,1,1
CUST001977,0,0,0.004000082019777862,0,0.0165027317087821,1,0.0125,1,1
CUST001345,0,0,0.12235720778072567,0,0.4275477139726591,1,0.3052,1,1
CUST001926,0,0,0.03978671829452085,0,0.30638376500907644,1,0.2666,1,1
CUST001940,0,0,0.03796296137127797,0,0.13425112327620092,1,0.0963,1,1
CUST001021,1,0,0.05631010649337176,0,0.24123087155779332,1,0.1849,0,0
CUST002160,0,0,0.0358645743563496,0,0.1746932370581697,1,0.1388,1,1
CUST001435,0,0,0.4330070485724785,1,0.8866398620399069,0,0.4536,1,0
CUST000343,0,0,0.037459441961207096,0,0.24656167225809747,1,0.2091,1,1
CUST002835,0,0,0.0626183783385611,0,0.24846687639934117,1,0.1858,1,1
CUST002750,0,0,0.03510520689603791,0,0.08937346946659953,1,0.0543,1,1
CUST003411,0,0,0.13548699027090882,1,0.5741045773107596,0,0.4386,1,0
CUST002145,0,0,0.20327898448390713,1,0.6324838016221945,0,0.4292,1,0
CUST003851,1,0,0.3265317423103892,1,0.7606281571266286,0,0.4341,0,1
CUST001904,0,0,0.03637248243778601,0,0.18078546343225135,1,0.1444,1,1
CUST003253,0,0,0.4154570708781029,1,0.862787121804261,0,0.4473,1,0
CUST002011,0,0,0.12368707914677957,1,0.5027992650475019,0,0.3791,1,0
CUST003385,0,0,0.03662206882066399,0,0.1387384934164725,1,0.1021,1,1
CUST002354,0,0,0.11848161822590009,0,0.46307545524803445,1,0.3446,1,1
CUST002626,1,0,0.06577512940872676,0,0.34382712486441197,1,0.2781,0,0
CUST001598,0,0,0.03739494176243918,0,0.12731649207152876,1,0.0899,1,1
CUST001176,0,0,0.21519479293494526,1,0.690473256657416,0,0.4753,1,0
CUST000899,0,0,0.014091522641245247,0,0.04443494743857912,1,0.0303,1,1
CUST002058,0,0,0.1184008895458949,0,0.48479401536923844,1,0.3664,1,1
CUST001403,0,0,0.036883522627415566,0,0.11217633235755378,1,0.0753,1,1
CUST003482,0,0,0.037490579598365215,0,0.1399476317354463,1,0.1025,1,1
CUST000595,0,0,0.07270651753013513,0,0.29143587382712943,1,0.2187,1,1
CUST000523,0,0,0.17779162928384262,1,0.6171560148185397,0,0.4394,1,0
CUST003421,0,0,0.07442586793661299,0,0.34538922461972904,1,0.271,1,1
CUST003082,0,0,0.00409180472885462,0,0.015567590141567708,1,0.0115,1,1
CUST000912,0,0,0.004251563465540897,0,0.024571648875565996,1,0.0203,1,1
CUST000094,0,0,0.035850942316083656,0,0.12307897225273685,1,0.0872,1,1
